{
  "hash": "84ec939f",
  "configHash": "af79c8e7",
  "lockfileHash": "cc6fa5dc",
  "browserHash": "0b299f38",
  "optimized": {
    "@angular/cdk/bidi": {
      "src": "../../../../../../node_modules/@angular/cdk/fesm2022/bidi.mjs",
      "file": "@angular_cdk_bidi.js",
      "fileHash": "2c67dba0",
      "needsInterop": false
    },
    "@angular/cdk/scrolling": {
      "src": "../../../../../../node_modules/@angular/cdk/fesm2022/scrolling.mjs",
      "file": "@angular_cdk_scrolling.js",
      "fileHash": "3ba4684b",
      "needsInterop": false
    },
    "@angular/common": {
      "src": "../../../../../../node_modules/@angular/common/fesm2022/common.mjs",
      "file": "@angular_common.js",
      "fileHash": "8268b6aa",
      "needsInterop": false
    },
    "@angular/common/http": {
      "src": "../../../../../../node_modules/@angular/common/fesm2022/http.mjs",
      "file": "@angular_common_http.js",
      "fileHash": "95d9c6b2",
      "needsInterop": false
    },
    "@angular/core": {
      "src": "../../../../../../node_modules/@angular/core/fesm2022/core.mjs",
      "file": "@angular_core.js",
      "fileHash": "e3a78634",
      "needsInterop": false
    },
    "@angular/forms": {
      "src": "../../../../../../node_modules/@angular/forms/fesm2022/forms.mjs",
      "file": "@angular_forms.js",
      "fileHash": "c2423700",
      "needsInterop": false
    },
    "@angular/material/button": {
      "src": "../../../../../../node_modules/@angular/material/fesm2022/button.mjs",
      "file": "@angular_material_button.js",
      "fileHash": "50a66856",
      "needsInterop": false
    },
    "@angular/material/card": {
      "src": "../../../../../../node_modules/@angular/material/fesm2022/card.mjs",
      "file": "@angular_material_card.js",
      "fileHash": "c7b246f1",
      "needsInterop": false
    },
    "@angular/material/divider": {
      "src": "../../../../../../node_modules/@angular/material/fesm2022/divider.mjs",
      "file": "@angular_material_divider.js",
      "fileHash": "d1f39a9a",
      "needsInterop": false
    },
    "@angular/material/icon": {
      "src": "../../../../../../node_modules/@angular/material/fesm2022/icon.mjs",
      "file": "@angular_material_icon.js",
      "fileHash": "62505d7f",
      "needsInterop": false
    },
    "@angular/material/list": {
      "src": "../../../../../../node_modules/@angular/material/fesm2022/list.mjs",
      "file": "@angular_material_list.js",
      "fileHash": "8c9eec01",
      "needsInterop": false
    },
    "@angular/material/sidenav": {
      "src": "../../../../../../node_modules/@angular/material/fesm2022/sidenav.mjs",
      "file": "@angular_material_sidenav.js",
      "fileHash": "a76e87f0",
      "needsInterop": false
    },
    "@angular/material/toolbar": {
      "src": "../../../../../../node_modules/@angular/material/fesm2022/toolbar.mjs",
      "file": "@angular_material_toolbar.js",
      "fileHash": "4fa2570f",
      "needsInterop": false
    },
    "@angular/platform-browser": {
      "src": "../../../../../../node_modules/@angular/platform-browser/fesm2022/platform-browser.mjs",
      "file": "@angular_platform-browser.js",
      "fileHash": "efa65548",
      "needsInterop": false
    },
    "@angular/platform-browser/animations/async": {
      "src": "../../../../../../node_modules/@angular/platform-browser/fesm2022/animations/async.mjs",
      "file": "@angular_platform-browser_animations_async.js",
      "fileHash": "6cce3f86",
      "needsInterop": false
    },
    "@angular/router": {
      "src": "../../../../../../node_modules/@angular/router/fesm2022/router.mjs",
      "file": "@angular_router.js",
      "fileHash": "c2baba1e",
      "needsInterop": false
    },
    "rxjs": {
      "src": "../../../../../../node_modules/rxjs/dist/esm5/index.js",
      "file": "rxjs.js",
      "fileHash": "0f0a9ea7",
      "needsInterop": false
    },
    "rxjs/operators": {
      "src": "../../../../../../node_modules/rxjs/dist/esm5/operators/index.js",
      "file": "rxjs_operators.js",
      "fileHash": "532e3142",
      "needsInterop": false
    }
  },
  "chunks": {
    "browser-OHM2CWFF": {
      "file": "browser-OHM2CWFF.js"
    },
    "chunk-Z3GCGC7H": {
      "file": "chunk-Z3GCGC7H.js"
    },
    "chunk-TSA5GSGI": {
      "file": "chunk-TSA5GSGI.js"
    },
    "chunk-SNQH6PLQ": {
      "file": "chunk-SNQH6PLQ.js"
    },
    "chunk-STDUXO6K": {
      "file": "chunk-STDUXO6K.js"
    },
    "chunk-3JKI247T": {
      "file": "chunk-3JKI247T.js"
    },
    "chunk-XIVG7SZL": {
      "file": "chunk-XIVG7SZL.js"
    },
    "chunk-3HUENWBX": {
      "file": "chunk-3HUENWBX.js"
    },
    "chunk-ZDCXT3ED": {
      "file": "chunk-ZDCXT3ED.js"
    },
    "chunk-BX6XHMDW": {
      "file": "chunk-BX6XHMDW.js"
    },
    "chunk-JELFK4NM": {
      "file": "chunk-JELFK4NM.js"
    },
    "chunk-XXXPJ3DZ": {
      "file": "chunk-XXXPJ3DZ.js"
    },
    "chunk-UNTID7UN": {
      "file": "chunk-UNTID7UN.js"
    },
    "chunk-WZZJOV5G": {
      "file": "chunk-WZZJOV5G.js"
    },
    "chunk-XZO76R2V": {
      "file": "chunk-XZO76R2V.js"
    },
    "chunk-DHFOCCO5": {
      "file": "chunk-DHFOCCO5.js"
    }
  }
}